title,price,image,details
Сотовый телефон Xiaomi Poco M3 4/64GB черный,"
13410 сом
","https://www.kivano.kg/images/product/87804/1610778047_40706500.jpg
","https://www.kivano.kg/product/view/sotovyy-telefon-xiaomi-poco-m3-4-64gb-chernyy
"
Сотовый телефон Xiaomi Poco M3 4/64GB черный,"
13410 сом
","https://www.kivano.kg/images/product/87804/1610778047_40706500.jpg
","https://www.kivano.kg/product/view/sotovyy-telefon-xiaomi-poco-m3-4-64gb-chernyy
"
Сотовый телефон Xiaomi Poco M3 4/64GB синий,"
13410 сом
","https://www.kivano.kg/images/product/87805/1610778099_19318400.jpg
","https://www.kivano.kg/product/view/sotovyy-telefon-xiaomi-poco-m3-4-64gb-siniy
"
Сотовый телефон Xiaomi Poco M3 4/64GB черный,"
13410 сом
","https://www.kivano.kg/images/product/87804/1610778047_40706500.jpg
","https://www.kivano.kg/product/view/sotovyy-telefon-xiaomi-poco-m3-4-64gb-chernyy
"
Сотовый телефон Xiaomi Poco M3 4/64GB синий,"
13410 сом
","https://www.kivano.kg/images/product/87805/1610778099_19318400.jpg
","https://www.kivano.kg/product/view/sotovyy-telefon-xiaomi-poco-m3-4-64gb-siniy
"
Сотовый телефон Samsung Galaxy S20 Ultra 12/128GB (SM-G988B/DS) черный,"
66390 сом
","https://www.kivano.kg/images/product/76798/1581597056_14184600.jpg
","https://www.kivano.kg/product/view/sotovyy-telefon-samsung-galaxy-s20-ultra-12-128gb-sm-g988b-ds-chernyy
"
Сотовый телефон Xiaomi Poco M3 4/64GB черный,"
13410 сом
","https://www.kivano.kg/images/product/87804/1610778047_40706500.jpg
","https://www.kivano.kg/product/view/sotovyy-telefon-xiaomi-poco-m3-4-64gb-chernyy
"
Сотовый телефон Xiaomi Poco M3 4/64GB синий,"
13410 сом
","https://www.kivano.kg/images/product/87805/1610778099_19318400.jpg
","https://www.kivano.kg/product/view/sotovyy-telefon-xiaomi-poco-m3-4-64gb-siniy
"
Сотовый телефон Samsung Galaxy S20 Ultra 12/128GB (SM-G988B/DS) черный,"
66390 сом
","https://www.kivano.kg/images/product/76798/1581597056_14184600.jpg
","https://www.kivano.kg/product/view/sotovyy-telefon-samsung-galaxy-s20-ultra-12-128gb-sm-g988b-ds-chernyy
"
Сотовый телефон Nobby 310 черно-синий,"

 1950 сом
-9%

1780 сом
","https://www.kivano.kg/images/product/79614/1590058888_46130300.jpg
","https://www.kivano.kg/product/view/sotovyy-telefon-nobby-310-cherno-siniy
"
Сотовый телефон Xiaomi Poco M3 4/64GB черный,"
13410 сом
","https://www.kivano.kg/images/product/87804/1610778047_40706500.jpg
","https://www.kivano.kg/product/view/sotovyy-telefon-xiaomi-poco-m3-4-64gb-chernyy
"
Сотовый телефон Xiaomi Poco M3 4/64GB синий,"
13410 сом
","https://www.kivano.kg/images/product/87805/1610778099_19318400.jpg
","https://www.kivano.kg/product/view/sotovyy-telefon-xiaomi-poco-m3-4-64gb-siniy
"
Сотовый телефон Samsung Galaxy S20 Ultra 12/128GB (SM-G988B/DS) черный,"
66390 сом
","https://www.kivano.kg/images/product/76798/1581597056_14184600.jpg
","https://www.kivano.kg/product/view/sotovyy-telefon-samsung-galaxy-s20-ultra-12-128gb-sm-g988b-ds-chernyy
"
Сотовый телефон Nobby 310 черно-синий,"

 1950 сом
-9%

1780 сом
","https://www.kivano.kg/images/product/79614/1590058888_46130300.jpg
","https://www.kivano.kg/product/view/sotovyy-telefon-nobby-310-cherno-siniy
"
Сотовый телефон Samsung Galaxy A52 (2021) 6/256GB (SM-A525F/DS) лавандовый,"
33370 сом
","https://www.kivano.kg/images/product/95998/1628420469_01979100.jpg
","https://www.kivano.kg/product/view/sotovyy-telefon-samsung-galaxy-a52-2021-6-256gb-sm-a525f-ds-lavandovyy
"
Сотовый телефон Xiaomi Poco M3 4/64GB черный,"
13410 сом
","https://www.kivano.kg/images/product/87804/1610778047_40706500.jpg
","https://www.kivano.kg/product/view/sotovyy-telefon-xiaomi-poco-m3-4-64gb-chernyy
"
Сотовый телефон Xiaomi Poco M3 4/64GB синий,"
13410 сом
","https://www.kivano.kg/images/product/87805/1610778099_19318400.jpg
","https://www.kivano.kg/product/view/sotovyy-telefon-xiaomi-poco-m3-4-64gb-siniy
"
Сотовый телефон Samsung Galaxy S20 Ultra 12/128GB (SM-G988B/DS) черный,"
66390 сом
","https://www.kivano.kg/images/product/76798/1581597056_14184600.jpg
","https://www.kivano.kg/product/view/sotovyy-telefon-samsung-galaxy-s20-ultra-12-128gb-sm-g988b-ds-chernyy
"
Сотовый телефон Nobby 310 черно-синий,"

 1950 сом
-9%

1780 сом
","https://www.kivano.kg/images/product/79614/1590058888_46130300.jpg
","https://www.kivano.kg/product/view/sotovyy-telefon-nobby-310-cherno-siniy
"
Сотовый телефон Samsung Galaxy A52 (2021) 6/256GB (SM-A525F/DS) лавандовый,"
33370 сом
","https://www.kivano.kg/images/product/95998/1628420469_01979100.jpg
","https://www.kivano.kg/product/view/sotovyy-telefon-samsung-galaxy-a52-2021-6-256gb-sm-a525f-ds-lavandovyy
"
Сотовый телефон Samsung Galaxy S20 Ultra 12/128GB (SM-G988B/DS) серый,"
66390 сом
","https://www.kivano.kg/images/product/76799/1581597195_19585800.jpg
","https://www.kivano.kg/product/view/sotovyy-telefon-samsung-galaxy-s20-ultra-12-128gb-sm-g988b-ds-seryy
"
Сотовый телефон Xiaomi Poco M3 4/64GB черный,"
13410 сом
","https://www.kivano.kg/images/product/87804/1610778047_40706500.jpg
","https://www.kivano.kg/product/view/sotovyy-telefon-xiaomi-poco-m3-4-64gb-chernyy
"
Сотовый телефон Xiaomi Poco M3 4/64GB синий,"
13410 сом
","https://www.kivano.kg/images/product/87805/1610778099_19318400.jpg
","https://www.kivano.kg/product/view/sotovyy-telefon-xiaomi-poco-m3-4-64gb-siniy
"
Сотовый телефон Samsung Galaxy S20 Ultra 12/128GB (SM-G988B/DS) черный,"
66390 сом
","https://www.kivano.kg/images/product/76798/1581597056_14184600.jpg
","https://www.kivano.kg/product/view/sotovyy-telefon-samsung-galaxy-s20-ultra-12-128gb-sm-g988b-ds-chernyy
"
Сотовый телефон Nobby 310 черно-синий,"

 1950 сом
-9%

1780 сом
","https://www.kivano.kg/images/product/79614/1590058888_46130300.jpg
","https://www.kivano.kg/product/view/sotovyy-telefon-nobby-310-cherno-siniy
"
Сотовый телефон Samsung Galaxy A52 (2021) 6/256GB (SM-A525F/DS) лавандовый,"
33370 сом
","https://www.kivano.kg/images/product/95998/1628420469_01979100.jpg
","https://www.kivano.kg/product/view/sotovyy-telefon-samsung-galaxy-a52-2021-6-256gb-sm-a525f-ds-lavandovyy
"
Сотовый телефон Samsung Galaxy S20 Ultra 12/128GB (SM-G988B/DS) серый,"
66390 сом
","https://www.kivano.kg/images/product/76799/1581597195_19585800.jpg
","https://www.kivano.kg/product/view/sotovyy-telefon-samsung-galaxy-s20-ultra-12-128gb-sm-g988b-ds-seryy
"
Сотовый телефон Samsung Galaxy A71 (2020) 128GB (SM-A715F/DS) черный,"
30560 сом
","https://www.kivano.kg/images/product/77055/1582525676_43956300.jpg
","https://www.kivano.kg/product/view/sotovyy-telefon-samsung-galaxy-a71-2020-128gb-sm-a715f-ds-chernyy
"
Сотовый телефон Xiaomi Poco M3 4/64GB черный,"
13410 сом
","https://www.kivano.kg/images/product/87804/1610778047_40706500.jpg
","https://www.kivano.kg/product/view/sotovyy-telefon-xiaomi-poco-m3-4-64gb-chernyy
"
Сотовый телефон Xiaomi Poco M3 4/64GB синий,"
13410 сом
","https://www.kivano.kg/images/product/87805/1610778099_19318400.jpg
","https://www.kivano.kg/product/view/sotovyy-telefon-xiaomi-poco-m3-4-64gb-siniy
"
Сотовый телефон Samsung Galaxy S20 Ultra 12/128GB (SM-G988B/DS) черный,"
66390 сом
","https://www.kivano.kg/images/product/76798/1581597056_14184600.jpg
","https://www.kivano.kg/product/view/sotovyy-telefon-samsung-galaxy-s20-ultra-12-128gb-sm-g988b-ds-chernyy
"
Сотовый телефон Nobby 310 черно-синий,"

 1950 сом
-9%

1780 сом
","https://www.kivano.kg/images/product/79614/1590058888_46130300.jpg
","https://www.kivano.kg/product/view/sotovyy-telefon-nobby-310-cherno-siniy
"
Сотовый телефон Samsung Galaxy A52 (2021) 6/256GB (SM-A525F/DS) лавандовый,"
33370 сом
","https://www.kivano.kg/images/product/95998/1628420469_01979100.jpg
","https://www.kivano.kg/product/view/sotovyy-telefon-samsung-galaxy-a52-2021-6-256gb-sm-a525f-ds-lavandovyy
"
Сотовый телефон Samsung Galaxy S20 Ultra 12/128GB (SM-G988B/DS) серый,"
66390 сом
","https://www.kivano.kg/images/product/76799/1581597195_19585800.jpg
","https://www.kivano.kg/product/view/sotovyy-telefon-samsung-galaxy-s20-ultra-12-128gb-sm-g988b-ds-seryy
"
Сотовый телефон Samsung Galaxy A71 (2020) 128GB (SM-A715F/DS) черный,"
30560 сом
","https://www.kivano.kg/images/product/77055/1582525676_43956300.jpg
","https://www.kivano.kg/product/view/sotovyy-telefon-samsung-galaxy-a71-2020-128gb-sm-a715f-ds-chernyy
"
Сотовый телефон Philips E160 черный,"
3310 сом
","https://www.kivano.kg/images/product/27135/27135.jpg
","https://www.kivano.kg/product/view/sotovyy-telefon-philips-e160-chernyy
"
Сотовый телефон Xiaomi Poco M3 4/64GB черный,"
13410 сом
","https://www.kivano.kg/images/product/87804/1610778047_40706500.jpg
","https://www.kivano.kg/product/view/sotovyy-telefon-xiaomi-poco-m3-4-64gb-chernyy
"
Сотовый телефон Xiaomi Poco M3 4/64GB синий,"
13410 сом
","https://www.kivano.kg/images/product/87805/1610778099_19318400.jpg
","https://www.kivano.kg/product/view/sotovyy-telefon-xiaomi-poco-m3-4-64gb-siniy
"
Сотовый телефон Samsung Galaxy S20 Ultra 12/128GB (SM-G988B/DS) черный,"
66390 сом
","https://www.kivano.kg/images/product/76798/1581597056_14184600.jpg
","https://www.kivano.kg/product/view/sotovyy-telefon-samsung-galaxy-s20-ultra-12-128gb-sm-g988b-ds-chernyy
"
Сотовый телефон Nobby 310 черно-синий,"

 1950 сом
-9%

1780 сом
","https://www.kivano.kg/images/product/79614/1590058888_46130300.jpg
","https://www.kivano.kg/product/view/sotovyy-telefon-nobby-310-cherno-siniy
"
Сотовый телефон Samsung Galaxy A52 (2021) 6/256GB (SM-A525F/DS) лавандовый,"
33370 сом
","https://www.kivano.kg/images/product/95998/1628420469_01979100.jpg
","https://www.kivano.kg/product/view/sotovyy-telefon-samsung-galaxy-a52-2021-6-256gb-sm-a525f-ds-lavandovyy
"
Сотовый телефон Samsung Galaxy S20 Ultra 12/128GB (SM-G988B/DS) серый,"
66390 сом
","https://www.kivano.kg/images/product/76799/1581597195_19585800.jpg
","https://www.kivano.kg/product/view/sotovyy-telefon-samsung-galaxy-s20-ultra-12-128gb-sm-g988b-ds-seryy
"
Сотовый телефон Samsung Galaxy A71 (2020) 128GB (SM-A715F/DS) черный,"
30560 сом
","https://www.kivano.kg/images/product/77055/1582525676_43956300.jpg
","https://www.kivano.kg/product/view/sotovyy-telefon-samsung-galaxy-a71-2020-128gb-sm-a715f-ds-chernyy
"
Сотовый телефон Philips E160 черный,"
3310 сом
","https://www.kivano.kg/images/product/27135/27135.jpg
","https://www.kivano.kg/product/view/sotovyy-telefon-philips-e160-chernyy
"
Сотовый телефон Samsung Galaxy A52 (2021) 6/256GB (SM-A525F/DS) черный,"
33370 сом
","https://www.kivano.kg/images/product/95999/1628420536_54909000.jpg
","https://www.kivano.kg/product/view/sotovyy-telefon-samsung-galaxy-a52-2021-6-256gb-sm-a525f-ds-chernyy
"
